"RecordingID","EpochIndex","EpochStartSeconds","EpochEndSeconds","Status","WindowStartSample","WindowEndSample","SourceSampleRate","ProcessingSampleRate","ReplayEpochCloseSeconds","EpochAvailableSeconds","WallClockElapsedSeconds","DecisionWallTimeSeconds","InferenceLatencyMs","EndToEndLatencyMs","MissedDeadline","FeatureWindowSeconds","ModelProfile","RawCode","PredLabel","Confidence"
"realtime_demo_single_subject","3","4.000","6.000","scored","0","180000","30000.000","1000.000","6.000","6.000","5.841013","5.841013","0.848600","0.850300","False","2.000","E2.0W3","2","Wake","0.771999"
"realtime_demo_single_subject","4","6.000","8.000","scored","60000","240000","30000.000","1000.000","8.000","8.000","7.841915","7.841915","0.794800","0.796600","False","2.000","E2.0W3","2","Wake","0.716413"
"realtime_demo_single_subject","5","8.000","10.000","scored","120000","300000","30000.000","1000.000","10.000","10.000","9.841579","9.841579","0.775700","0.777500","False","2.000","E2.0W3","2","Wake","0.676402"
"realtime_demo_single_subject","6","10.000","12.000","scored","180000","360000","30000.000","1000.000","12.000","12.000","11.840753","11.840753","0.770000","0.772200","False","2.000","E2.0W3","2","Wake","0.605676"
"realtime_demo_single_subject","7","12.000","14.000","scored","240000","420000","30000.000","1000.000","14.000","14.000","13.840641","13.840641","0.812100","0.813700","False","2.000","E2.0W3","2","Wake","0.593600"
"realtime_demo_single_subject","8","14.000","16.000","scored","300000","480000","30000.000","1000.000","16.000","16.000","15.841879","15.841879","0.894000","0.896200","False","2.000","E2.0W3","2","Wake","0.810677"
"realtime_demo_single_subject","9","16.000","18.000","scored","360000","540000","30000.000","1000.000","18.000","18.000","17.841385","17.841385","0.985000","0.986600","False","2.000","E2.0W3","2","Wake","0.700164"
"realtime_demo_single_subject","10","18.000","20.000","scored","420000","600000","30000.000","1000.000","20.000","20.000","19.840580","19.840580","0.892400","0.894400","False","2.000","E2.0W3","2","Wake","0.884171"
"realtime_demo_single_subject","11","20.000","22.000","scored","480000","660000","30000.000","1000.000","22.000","22.000","21.841070","21.841070","0.888400","0.889600","False","2.000","E2.0W3","2","Wake","0.869340"
"realtime_demo_single_subject","12","22.000","24.000","scored","540000","720000","30000.000","1000.000","24.000","24.000","23.841323","23.841323","1.041900","1.043400","False","2.000","E2.0W3","2","Wake","0.921823"
"realtime_demo_single_subject","13","24.000","26.000","scored","600000","780000","30000.000","1000.000","26.000","26.000","25.841180","25.841180","1.681400","1.682800","False","2.000","E2.0W3","2","Wake","0.745444"
"realtime_demo_single_subject","14","26.000","28.000","scored","660000","840000","30000.000","1000.000","28.000","28.000","27.841644","27.841644","0.756300","0.758200","False","2.000","E2.0W3","2","Wake","0.744336"
"realtime_demo_single_subject","15","28.000","30.000","scored","720000","900000","30000.000","1000.000","30.000","30.000","29.840727","29.840727","0.772500","0.774300","False","2.000","E2.0W3","2","Wake","0.553378"
"realtime_demo_single_subject","16","30.000","32.000","scored","780000","960000","30000.000","1000.000","32.000","32.000","31.840829","31.840829","0.778000","0.779600","False","2.000","E2.0W3","1","REM","0.449056"
"realtime_demo_single_subject","17","32.000","34.000","scored","840000","1020000","30000.000","1000.000","34.000","34.000","33.842343","33.842343","1.019700","1.021700","False","2.000","E2.0W3","2","Wake","0.466779"
"realtime_demo_single_subject","18","34.000","36.000","scored","900000","1080000","30000.000","1000.000","36.000","36.000","35.841736","35.841736","0.826100","0.827900","False","2.000","E2.0W3","2","Wake","0.724024"
"realtime_demo_single_subject","19","36.000","38.000","scored","960000","1140000","30000.000","1000.000","38.000","38.000","37.841643","37.841643","0.754200","0.755600","False","2.000","E2.0W3","2","Wake","0.771048"
"realtime_demo_single_subject","20","38.000","40.000","scored","1020000","1200000","30000.000","1000.000","40.000","40.000","39.840221","39.840221","0.861900","0.864000","False","2.000","E2.0W3","2","Wake","0.869890"
"realtime_demo_single_subject","21","40.000","42.000","scored","1080000","1260000","30000.000","1000.000","42.000","42.000","41.840644","41.840644","0.759100","0.761000","False","2.000","E2.0W3","2","Wake","0.773285"
"realtime_demo_single_subject","22","42.000","44.000","scored","1140000","1320000","30000.000","1000.000","44.000","44.000","43.839734","43.839734","0.724600","0.726100","False","2.000","E2.0W3","2","Wake","0.758033"
"realtime_demo_single_subject","23","44.000","46.000","scored","1200000","1380000","30000.000","1000.000","46.000","46.000","45.840511","45.840511","0.743100","0.744200","False","2.000","E2.0W3","2","Wake","0.561916"
"realtime_demo_single_subject","24","46.000","48.000","scored","1260000","1440000","30000.000","1000.000","48.000","48.000","47.839811","47.839811","0.773500","0.775200","False","2.000","E2.0W3","2","Wake","0.433704"
"realtime_demo_single_subject","25","48.000","50.000","scored","1320000","1500000","30000.000","1000.000","50.000","50.000","49.839799","49.839799","0.771000","0.772500","False","2.000","E2.0W3","2","Wake","0.670200"
"realtime_demo_single_subject","26","50.000","52.000","scored","1380000","1560000","30000.000","1000.000","52.000","52.000","51.841838","51.841838","0.961200","0.963200","False","2.000","E2.0W3","2","Wake","0.596350"
"realtime_demo_single_subject","27","52.000","54.000","scored","1440000","1620000","30000.000","1000.000","54.000","54.000","53.839960","53.839960","0.802600","0.804500","False","2.000","E2.0W3","2","Wake","0.661509"
"realtime_demo_single_subject","28","54.000","56.000","scored","1500000","1680000","30000.000","1000.000","56.000","56.000","55.839942","55.839942","0.818600","0.820400","False","2.000","E2.0W3","2","Wake","0.710136"
"realtime_demo_single_subject","29","56.000","58.000","scored","1560000","1740000","30000.000","1000.000","58.000","58.000","57.840010","57.840010","0.825600","0.827100","False","2.000","E2.0W3","2","Wake","0.634256"
"realtime_demo_single_subject","30","58.000","60.000","scored","1620000","1800000","30000.000","1000.000","60.000","60.000","59.839866","59.839866","0.696500","0.698300","False","2.000","E2.0W3","2","Wake","0.679671"
"realtime_demo_single_subject","31","60.000","62.000","scored","1680000","1860000","30000.000","1000.000","62.000","62.000","61.840615","61.840615","1.048000","1.050100","False","2.000","E2.0W3","2","Wake","0.630219"
"realtime_demo_single_subject","32","62.000","64.000","scored","1740000","1920000","30000.000","1000.000","64.000","64.000","63.840378","63.840378","0.760200","0.762200","False","2.000","E2.0W3","2","Wake","0.742121"
"realtime_demo_single_subject","33","64.000","66.000","scored","1800000","1980000","30000.000","1000.000","66.000","66.000","65.839675","65.839675","0.720800","0.722900","False","2.000","E2.0W3","2","Wake","0.601499"
"realtime_demo_single_subject","34","66.000","68.000","scored","1860000","2040000","30000.000","1000.000","68.000","68.000","67.840468","67.840468","0.701800","0.703300","False","2.000","E2.0W3","2","Wake","0.718507"
"realtime_demo_single_subject","35","68.000","70.000","scored","1920000","2100000","30000.000","1000.000","70.000","70.000","69.839971","69.839971","0.820100","0.822400","False","2.000","E2.0W3","2","Wake","0.498857"
"realtime_demo_single_subject","36","70.000","72.000","scored","1980000","2160000","30000.000","1000.000","72.000","72.000","71.840751","71.840751","0.853100","0.854900","False","2.000","E2.0W3","2","Wake","0.748150"
"realtime_demo_single_subject","37","72.000","74.000","scored","2040000","2220000","30000.000","1000.000","74.000","74.000","73.840080","73.840080","0.931800","0.933600","False","2.000","E2.0W3","2","Wake","0.781441"
"realtime_demo_single_subject","38","74.000","76.000","scored","2100000","2280000","30000.000","1000.000","76.000","76.000","75.840942","75.840942","0.891100","0.892600","False","2.000","E2.0W3","2","Wake","0.847877"
"realtime_demo_single_subject","39","76.000","78.000","scored","2160000","2340000","30000.000","1000.000","78.000","78.000","77.840258","77.840258","0.950300","0.952300","False","2.000","E2.0W3","2","Wake","0.587866"
"realtime_demo_single_subject","40","78.000","80.000","scored","2220000","2400000","30000.000","1000.000","80.000","80.000","79.840119","79.840119","0.815200","0.817600","False","2.000","E2.0W3","1","REM","0.459691"
"realtime_demo_single_subject","41","80.000","82.000","scored","2280000","2460000","30000.000","1000.000","82.000","82.000","81.840151","81.840151","0.961500","0.963600","False","2.000","E2.0W3","2","Wake","0.771734"
"realtime_demo_single_subject","42","82.000","84.000","scored","2340000","2520000","30000.000","1000.000","84.000","84.000","83.840219","83.840219","1.083400","1.100500","False","2.000","E2.0W3","2","Wake","0.919791"
"realtime_demo_single_subject","43","84.000","86.000","scored","2400000","2580000","30000.000","1000.000","86.000","86.000","85.841552","85.841552","0.857900","0.859400","False","2.000","E2.0W3","2","Wake","0.990173"
"realtime_demo_single_subject","44","86.000","88.000","scored","2460000","2640000","30000.000","1000.000","88.000","88.000","87.839794","87.839794","0.776400","0.778300","False","2.000","E2.0W3","2","Wake","0.940277"
"realtime_demo_single_subject","45","88.000","90.000","scored","2520000","2700000","30000.000","1000.000","90.000","90.000","89.841628","89.841628","1.218600","1.220100","False","2.000","E2.0W3","2","Wake","0.763048"
"realtime_demo_single_subject","46","90.000","92.000","scored","2580000","2760000","30000.000","1000.000","92.000","92.000","91.840461","91.840461","0.982600","0.984600","False","2.000","E2.0W3","2","Wake","0.625898"
"realtime_demo_single_subject","47","92.000","94.000","scored","2640000","2820000","30000.000","1000.000","94.000","94.000","93.840580","93.840580","0.999000","1.001000","False","2.000","E2.0W3","1","REM","0.429843"
"realtime_demo_single_subject","48","94.000","96.000","scored","2700000","2880000","30000.000","1000.000","96.000","96.000","95.841225","95.841225","1.023700","1.025500","False","2.000","E2.0W3","2","Wake","0.705984"
"realtime_demo_single_subject","49","96.000","98.000","scored","2760000","2940000","30000.000","1000.000","98.000","98.000","97.841459","97.841459","0.728300","0.730000","False","2.000","E2.0W3","2","Wake","0.946076"
"realtime_demo_single_subject","50","98.000","100.000","scored","2820000","3000000","30000.000","1000.000","100.000","100.000","99.840244","99.840244","0.793900","0.795800","False","2.000","E2.0W3","2","Wake","0.995426"
"realtime_demo_single_subject","51","100.000","102.000","scored","2880000","3060000","30000.000","1000.000","102.000","102.000","101.841717","101.841717","0.800700","0.803100","False","2.000","E2.0W3","2","Wake","0.996138"
"realtime_demo_single_subject","52","102.000","104.000","scored","2940000","3120000","30000.000","1000.000","104.000","104.000","103.839616","103.839616","0.698600","0.700300","False","2.000","E2.0W3","2","Wake","0.993495"
"realtime_demo_single_subject","53","104.000","106.000","scored","3000000","3180000","30000.000","1000.000","106.000","106.000","105.839615","105.839615","0.674400","0.675700","False","2.000","E2.0W3","2","Wake","0.985171"
"realtime_demo_single_subject","54","106.000","108.000","scored","3060000","3240000","30000.000","1000.000","108.000","108.000","107.841789","107.841789","1.032700","1.033800","False","2.000","E2.0W3","2","Wake","0.931199"
"realtime_demo_single_subject","55","108.000","110.000","scored","3120000","3300000","30000.000","1000.000","110.000","110.000","109.839844","109.839844","0.740900","0.742700","False","2.000","E2.0W3","2","Wake","0.984805"
"realtime_demo_single_subject","56","110.000","112.000","scored","3180000","3360000","30000.000","1000.000","112.000","112.000","111.840949","111.840949","1.100500","1.102400","False","2.000","E2.0W3","2","Wake","0.701491"
"realtime_demo_single_subject","57","112.000","114.000","scored","3240000","3420000","30000.000","1000.000","114.000","114.000","113.840526","113.840526","0.936100","0.938300","False","2.000","E2.0W3","2","Wake","0.621814"
"realtime_demo_single_subject","58","114.000","116.000","scored","3300000","3480000","30000.000","1000.000","116.000","116.000","115.841726","115.841726","0.934700","0.936400","False","2.000","E2.0W3","1","REM","0.469064"
"realtime_demo_single_subject","59","116.000","118.000","scored","3360000","3540000","30000.000","1000.000","118.000","118.000","117.840528","117.840528","1.044300","1.046200","False","2.000","E2.0W3","2","Wake","0.522061"
"realtime_demo_single_subject","60","118.000","120.000","scored","3420000","3600000","30000.000","1000.000","120.000","120.000","119.840009","119.840009","0.759400","0.761000","False","2.000","E2.0W3","1","REM","0.495340"
"realtime_demo_single_subject","61","120.000","122.000","scored","3480000","3660000","30000.000","1000.000","122.000","122.000","121.839854","121.839854","0.813000","0.814800","False","2.000","E2.0W3","1","REM","0.606116"
"realtime_demo_single_subject","62","122.000","124.000","scored","3540000","3720000","30000.000","1000.000","124.000","124.000","123.840570","123.840570","0.869200","0.871000","False","2.000","E2.0W3","2","Wake","0.796588"
"realtime_demo_single_subject","63","124.000","126.000","scored","3600000","3780000","30000.000","1000.000","126.000","126.000","125.839799","125.839799","0.736100","0.738200","False","2.000","E2.0W3","2","Wake","0.958373"
"realtime_demo_single_subject","64","126.000","128.000","scored","3660000","3840000","30000.000","1000.000","128.000","128.000","127.841522","127.841522","0.934100","0.935700","False","2.000","E2.0W3","2","Wake","0.991171"
"realtime_demo_single_subject","65","128.000","130.000","scored","3720000","3900000","30000.000","1000.000","130.000","130.000","129.841069","129.841069","1.002100","1.005200","False","2.000","E2.0W3","2","Wake","0.995456"
"realtime_demo_single_subject","66","130.000","132.000","scored","3780000","3960000","30000.000","1000.000","132.000","132.000","131.840564","131.840564","0.851600","0.853600","False","2.000","E2.0W3","2","Wake","0.996459"
"realtime_demo_single_subject","67","132.000","134.000","scored","3840000","4020000","30000.000","1000.000","134.000","134.000","133.840698","133.840698","1.000700","1.002100","False","2.000","E2.0W3","2","Wake","0.955580"
"realtime_demo_single_subject","68","134.000","136.000","scored","3900000","4080000","30000.000","1000.000","136.000","136.000","135.840307","135.840307","0.788600","0.790100","False","2.000","E2.0W3","2","Wake","0.809902"
"realtime_demo_single_subject","69","136.000","138.000","scored","3960000","4140000","30000.000","1000.000","138.000","138.000","137.840023","137.840023","0.889900","0.891800","False","2.000","E2.0W3","2","Wake","0.679057"
"realtime_demo_single_subject","70","138.000","140.000","scored","4020000","4200000","30000.000","1000.000","140.000","140.000","139.840611","139.840611","0.726800","0.728200","False","2.000","E2.0W3","2","Wake","0.802205"
"realtime_demo_single_subject","71","140.000","142.000","scored","4080000","4260000","30000.000","1000.000","142.000","142.000","141.840264","141.840264","0.698600","0.700300","False","2.000","E2.0W3","2","Wake","0.700743"
"realtime_demo_single_subject","72","142.000","144.000","scored","4140000","4320000","30000.000","1000.000","144.000","144.000","143.839798","143.839798","0.754300","0.756200","False","2.000","E2.0W3","2","Wake","0.455992"
"realtime_demo_single_subject","73","144.000","146.000","scored","4200000","4380000","30000.000","1000.000","146.000","146.000","145.841559","145.841559","0.770500","0.771900","False","2.000","E2.0W3","1","REM","0.545652"
"realtime_demo_single_subject","74","146.000","148.000","scored","4260000","4440000","30000.000","1000.000","148.000","148.000","147.840309","147.840309","0.800400","0.802400","False","2.000","E2.0W3","2","Wake","0.453613"
"realtime_demo_single_subject","75","148.000","150.000","scored","4320000","4500000","30000.000","1000.000","150.000","150.000","149.841316","149.841316","1.120200","1.121800","False","2.000","E2.0W3","2","Wake","0.525472"
"realtime_demo_single_subject","76","150.000","152.000","scored","4380000","4560000","30000.000","1000.000","152.000","152.000","151.840625","151.840625","0.753300","0.754800","False","2.000","E2.0W3","2","Wake","0.810256"
"realtime_demo_single_subject","77","152.000","154.000","scored","4440000","4620000","30000.000","1000.000","154.000","154.000","153.840165","153.840165","0.768300","0.771700","False","2.000","E2.0W3","2","Wake","0.905485"
"realtime_demo_single_subject","78","154.000","156.000","scored","4500000","4680000","30000.000","1000.000","156.000","156.000","155.840113","155.840113","0.988400","0.989900","False","2.000","E2.0W3","2","Wake","0.916767"
"realtime_demo_single_subject","79","156.000","158.000","scored","4560000","4740000","30000.000","1000.000","158.000","158.000","157.839780","157.839780","0.718500","0.720100","False","2.000","E2.0W3","2","Wake","0.966397"
"realtime_demo_single_subject","80","158.000","160.000","scored","4620000","4800000","30000.000","1000.000","160.000","160.000","159.841190","159.841190","0.704800","0.706900","False","2.000","E2.0W3","2","Wake","0.992411"
"realtime_demo_single_subject","81","160.000","162.000","scored","4680000","4860000","30000.000","1000.000","162.000","162.000","161.840793","161.840793","0.968400","0.970200","False","2.000","E2.0W3","2","Wake","0.996335"
"realtime_demo_single_subject","82","162.000","164.000","scored","4740000","4920000","30000.000","1000.000","164.000","164.000","163.839683","163.839683","0.731800","0.733300","False","2.000","E2.0W3","2","Wake","0.977331"
"realtime_demo_single_subject","83","164.000","166.000","scored","4800000","4980000","30000.000","1000.000","166.000","166.000","165.842091","165.842091","1.103300","1.104400","False","2.000","E2.0W3","2","Wake","0.973511"
"realtime_demo_single_subject","84","166.000","168.000","scored","4860000","5040000","30000.000","1000.000","168.000","168.000","167.841601","167.841601","0.792800","0.794900","False","2.000","E2.0W3","2","Wake","0.922719"
"realtime_demo_single_subject","85","168.000","170.000","scored","4920000","5100000","30000.000","1000.000","170.000","170.000","169.842339","169.842339","1.124900","1.126500","False","2.000","E2.0W3","2","Wake","0.916949"
"realtime_demo_single_subject","86","170.000","172.000","scored","4980000","5160000","30000.000","1000.000","172.000","172.000","171.840258","171.840258","0.753600","0.754700","False","2.000","E2.0W3","2","Wake","0.853662"
"realtime_demo_single_subject","87","172.000","174.000","scored","5040000","5220000","30000.000","1000.000","174.000","174.000","173.841444","173.841444","0.685600","0.687700","False","2.000","E2.0W3","2","Wake","0.992002"
"realtime_demo_single_subject","88","174.000","176.000","scored","5100000","5280000","30000.000","1000.000","176.000","176.000","175.840011","175.840011","0.799500","0.801300","False","2.000","E2.0W3","2","Wake","0.986939"
"realtime_demo_single_subject","89","176.000","178.000","scored","5160000","5340000","30000.000","1000.000","178.000","178.000","177.841815","177.841815","0.914700","0.916500","False","2.000","E2.0W3","2","Wake","0.989971"
"realtime_demo_single_subject","90","178.000","180.000","scored","5220000","5400000","30000.000","1000.000","180.000","180.000","179.841456","179.841456","0.756500","0.758300","False","2.000","E2.0W3","2","Wake","0.984286"
"realtime_demo_single_subject","91","180.000","182.000","scored","5280000","5460000","30000.000","1000.000","182.000","182.000","181.839575","181.839575","0.777000","0.778700","False","2.000","E2.0W3","2","Wake","0.987465"
"realtime_demo_single_subject","92","182.000","184.000","scored","5340000","5520000","30000.000","1000.000","184.000","184.000","183.840396","183.840396","0.684500","0.685900","False","2.000","E2.0W3","2","Wake","0.986805"
"realtime_demo_single_subject","93","184.000","186.000","scored","5400000","5580000","30000.000","1000.000","186.000","186.000","185.839704","185.839704","0.750200","0.752100","False","2.000","E2.0W3","2","Wake","0.995691"
"realtime_demo_single_subject","94","186.000","188.000","scored","5460000","5640000","30000.000","1000.000","188.000","188.000","187.840471","187.840471","0.890500","0.892300","False","2.000","E2.0W3","2","Wake","0.987487"
"realtime_demo_single_subject","95","188.000","190.000","scored","5520000","5700000","30000.000","1000.000","190.000","190.000","189.839902","189.839902","0.816000","0.817300","False","2.000","E2.0W3","2","Wake","0.941393"
"realtime_demo_single_subject","96","190.000","192.000","scored","5580000","5760000","30000.000","1000.000","192.000","192.000","191.840560","191.840560","1.063700","1.065400","False","2.000","E2.0W3","2","Wake","0.782577"
"realtime_demo_single_subject","97","192.000","194.000","scored","5640000","5820000","30000.000","1000.000","194.000","194.000","193.840180","193.840180","0.715000","0.716300","False","2.000","E2.0W3","2","Wake","0.821941"
"realtime_demo_single_subject","98","194.000","196.000","scored","5700000","5880000","30000.000","1000.000","196.000","196.000","195.839951","195.839951","0.766500","0.768100","False","2.000","E2.0W3","2","Wake","0.838138"
"realtime_demo_single_subject","99","196.000","198.000","scored","5760000","5940000","30000.000","1000.000","198.000","198.000","197.841793","197.841793","0.771100","0.772400","False","2.000","E2.0W3","2","Wake","0.698004"
"realtime_demo_single_subject","100","198.000","200.000","scored","5820000","6000000","30000.000","1000.000","200.000","200.000","199.841490","199.841490","0.808400","0.810300","False","2.000","E2.0W3","2","Wake","0.553997"
"realtime_demo_single_subject","101","200.000","202.000","scored","5880000","6060000","30000.000","1000.000","202.000","202.000","201.839694","201.839694","0.761000","0.762800","False","2.000","E2.0W3","2","Wake","0.603327"
"realtime_demo_single_subject","102","202.000","204.000","scored","5940000","6120000","30000.000","1000.000","204.000","204.000","203.839535","203.839535","0.699400","0.701000","False","2.000","E2.0W3","2","Wake","0.660188"
"realtime_demo_single_subject","103","204.000","206.000","scored","6000000","6180000","30000.000","1000.000","206.000","206.000","205.840743","205.840743","0.879300","0.881600","False","2.000","E2.0W3","2","Wake","0.821863"
"realtime_demo_single_subject","104","206.000","208.000","scored","6060000","6240000","30000.000","1000.000","208.000","208.000","207.840333","207.840333","0.875100","0.876800","False","2.000","E2.0W3","2","Wake","0.710834"
"realtime_demo_single_subject","105","208.000","210.000","scored","6120000","6300000","30000.000","1000.000","210.000","210.000","209.841423","209.841423","0.818800","0.820000","False","2.000","E2.0W3","2","Wake","0.499909"
"realtime_demo_single_subject","106","210.000","212.000","scored","6180000","6360000","30000.000","1000.000","212.000","212.000","211.839931","211.839931","0.887100","0.889000","False","2.000","E2.0W3","2","Wake","0.674455"
"realtime_demo_single_subject","107","212.000","214.000","scored","6240000","6420000","30000.000","1000.000","214.000","214.000","213.841325","213.841325","0.667300","0.668500","False","2.000","E2.0W3","2","Wake","0.672886"
"realtime_demo_single_subject","108","214.000","216.000","scored","6300000","6480000","30000.000","1000.000","216.000","216.000","215.839612","215.839612","0.703500","0.705100","False","2.000","E2.0W3","2","Wake","0.593861"
"realtime_demo_single_subject","109","216.000","218.000","scored","6360000","6540000","30000.000","1000.000","218.000","218.000","217.840346","217.840346","0.700700","0.702500","False","2.000","E2.0W3","2","Wake","0.602589"
"realtime_demo_single_subject","110","218.000","220.000","scored","6420000","6600000","30000.000","1000.000","220.000","220.000","219.840668","219.840668","0.884200","0.885900","False","2.000","E2.0W3","2","Wake","0.610511"
"realtime_demo_single_subject","111","220.000","222.000","scored","6480000","6660000","30000.000","1000.000","222.000","222.000","221.841317","221.841317","0.696400","0.697700","False","2.000","E2.0W3","1","REM","0.458833"
"realtime_demo_single_subject","112","222.000","224.000","scored","6540000","6720000","30000.000","1000.000","224.000","224.000","223.840204","223.840204","0.705800","0.707800","False","2.000","E2.0W3","2","Wake","0.435543"
"realtime_demo_single_subject","113","224.000","226.000","scored","6600000","6780000","30000.000","1000.000","226.000","226.000","225.840937","225.840937","0.790500","0.792400","False","2.000","E2.0W3","2","Wake","0.529148"
"realtime_demo_single_subject","114","226.000","228.000","scored","6660000","6840000","30000.000","1000.000","228.000","228.000","227.840001","227.840001","0.771000","0.772600","False","2.000","E2.0W3","2","Wake","0.831660"
"realtime_demo_single_subject","115","228.000","230.000","scored","6720000","6900000","30000.000","1000.000","230.000","230.000","229.840923","229.840923","1.158600","1.160200","False","2.000","E2.0W3","2","Wake","0.680665"
"realtime_demo_single_subject","116","230.000","232.000","scored","6780000","6960000","30000.000","1000.000","232.000","232.000","231.841838","231.841838","0.969400","0.971100","False","2.000","E2.0W3","2","Wake","0.713330"
"realtime_demo_single_subject","117","232.000","234.000","scored","6840000","7020000","30000.000","1000.000","234.000","234.000","233.839688","233.839688","0.708800","0.710200","False","2.000","E2.0W3","1","REM","0.481365"
"realtime_demo_single_subject","118","234.000","236.000","scored","6900000","7080000","30000.000","1000.000","236.000","236.000","235.839805","235.839805","0.749900","0.751400","False","2.000","E2.0W3","1","REM","0.408165"
"realtime_demo_single_subject","119","236.000","238.000","scored","6960000","7140000","30000.000","1000.000","238.000","238.000","237.839805","237.839805","0.771700","0.773300","False","2.000","E2.0W3","1","REM","0.592370"
"realtime_demo_single_subject","120","238.000","240.000","scored","7020000","7200000","30000.000","1000.000","240.000","240.000","239.840215","239.840215","0.695200","0.696300","False","2.000","E2.0W3","2","Wake","0.687814"
"realtime_demo_single_subject","121","240.000","242.000","scored","7080000","7260000","30000.000","1000.000","242.000","242.000","241.840681","241.840681","0.893100","0.894700","False","2.000","E2.0W3","2","Wake","0.660194"
"realtime_demo_single_subject","122","242.000","244.000","scored","7140000","7320000","30000.000","1000.000","244.000","244.000","243.842227","243.842227","1.149100","1.151300","False","2.000","E2.0W3","2","Wake","0.734576"
"realtime_demo_single_subject","123","244.000","246.000","scored","7200000","7380000","30000.000","1000.000","246.000","246.000","245.841407","245.841407","0.781900","0.783200","False","2.000","E2.0W3","2","Wake","0.658617"
"realtime_demo_single_subject","124","246.000","248.000","scored","7260000","7440000","30000.000","1000.000","248.000","248.000","247.840572","247.840572","1.123000","1.136300","False","2.000","E2.0W3","2","Wake","0.751384"
"realtime_demo_single_subject","125","248.000","250.000","scored","7320000","7500000","30000.000","1000.000","250.000","250.000","249.840899","249.840899","1.058700","1.060400","False","2.000","E2.0W3","2","Wake","0.662255"
"realtime_demo_single_subject","126","250.000","252.000","scored","7380000","7560000","30000.000","1000.000","252.000","252.000","251.839899","251.839899","0.743200","0.745000","False","2.000","E2.0W3","2","Wake","0.762411"
"realtime_demo_single_subject","127","252.000","254.000","scored","7440000","7620000","30000.000","1000.000","254.000","254.000","253.839733","253.839733","0.684900","0.686200","False","2.000","E2.0W3","2","Wake","0.681407"
"realtime_demo_single_subject","128","254.000","256.000","scored","7500000","7680000","30000.000","1000.000","256.000","256.000","255.839943","255.839943","0.943200","0.944900","False","2.000","E2.0W3","2","Wake","0.693667"
"realtime_demo_single_subject","129","256.000","258.000","scored","7560000","7740000","30000.000","1000.000","258.000","258.000","257.841208","257.841208","0.717400","0.718700","False","2.000","E2.0W3","2","Wake","0.694860"
"realtime_demo_single_subject","130","258.000","260.000","scored","7620000","7800000","30000.000","1000.000","260.000","260.000","259.840751","259.840751","0.972400","0.974100","False","2.000","E2.0W3","2","Wake","0.705739"
"realtime_demo_single_subject","131","260.000","262.000","scored","7680000","7860000","30000.000","1000.000","262.000","262.000","261.839621","261.839621","0.687300","0.688500","False","2.000","E2.0W3","1","REM","0.569976"
"realtime_demo_single_subject","132","262.000","264.000","scored","7740000","7920000","30000.000","1000.000","264.000","264.000","263.841791","263.841791","0.910400","0.912200","False","2.000","E2.0W3","2","Wake","0.688744"
"realtime_demo_single_subject","133","264.000","266.000","scored","7800000","7980000","30000.000","1000.000","266.000","266.000","265.841755","265.841755","0.878900","0.880900","False","2.000","E2.0W3","2","Wake","0.810083"
"realtime_demo_single_subject","134","266.000","268.000","scored","7860000","8040000","30000.000","1000.000","268.000","268.000","267.840015","267.840015","0.915200","0.917200","False","2.000","E2.0W3","2","Wake","0.810930"
"realtime_demo_single_subject","135","268.000","270.000","scored","7920000","8100000","30000.000","1000.000","270.000","270.000","269.842310","269.842310","1.635000","1.636200","False","2.000","E2.0W3","2","Wake","0.772542"
"realtime_demo_single_subject","136","270.000","272.000","scored","7980000","8160000","30000.000","1000.000","272.000","272.000","271.840206","271.840206","0.722200","0.724300","False","2.000","E2.0W3","2","Wake","0.682813"
"realtime_demo_single_subject","137","272.000","274.000","scored","8040000","8220000","30000.000","1000.000","274.000","274.000","273.839702","273.839702","0.776200","0.778300","False","2.000","E2.0W3","2","Wake","0.465190"
"realtime_demo_single_subject","138","274.000","276.000","scored","8100000","8280000","30000.000","1000.000","276.000","276.000","275.839528","275.839528","0.676400","0.678300","False","2.000","E2.0W3","1","REM","0.487215"
"realtime_demo_single_subject","139","276.000","278.000","scored","8160000","8340000","30000.000","1000.000","278.000","278.000","277.841873","277.841873","0.983600","0.985000","False","2.000","E2.0W3","2","Wake","0.546772"
"realtime_demo_single_subject","140","278.000","280.000","scored","8220000","8400000","30000.000","1000.000","280.000","280.000","279.839694","279.839694","0.662100","0.663400","False","2.000","E2.0W3","2","Wake","0.880548"
"realtime_demo_single_subject","141","280.000","282.000","scored","8280000","8460000","30000.000","1000.000","282.000","282.000","281.839613","281.839613","0.706500","0.707700","False","2.000","E2.0W3","2","Wake","0.931633"
"realtime_demo_single_subject","142","282.000","284.000","scored","8340000","8520000","30000.000","1000.000","284.000","284.000","283.840546","283.840546","0.864500","0.865900","False","2.000","E2.0W3","2","Wake","0.944239"
"realtime_demo_single_subject","143","284.000","286.000","scored","8400000","8580000","30000.000","1000.000","286.000","286.000","285.840170","285.840170","0.881900","0.883400","False","2.000","E2.0W3","2","Wake","0.755792"
"realtime_demo_single_subject","144","286.000","288.000","scored","8460000","8640000","30000.000","1000.000","288.000","288.000","287.841292","287.841292","0.731200","0.732700","False","2.000","E2.0W3","2","Wake","0.727461"
"realtime_demo_single_subject","145","288.000","290.000","scored","8520000","8700000","30000.000","1000.000","290.000","290.000","289.840164","289.840164","1.018800","1.020100","False","2.000","E2.0W3","2","Wake","0.603046"
"realtime_demo_single_subject","146","290.000","292.000","scored","8580000","8760000","30000.000","1000.000","292.000","292.000","291.842004","291.842004","1.008400","1.010100","False","2.000","E2.0W3","2","Wake","0.765204"
"realtime_demo_single_subject","147","292.000","294.000","scored","8640000","8820000","30000.000","1000.000","294.000","294.000","293.840134","293.840134","1.013400","1.014800","False","2.000","E2.0W3","2","Wake","0.650764"
"realtime_demo_single_subject","148","294.000","296.000","scored","8700000","8880000","30000.000","1000.000","296.000","296.000","295.840969","295.840969","1.019400","1.020900","False","2.000","E2.0W3","1","REM","0.492349"
"realtime_demo_single_subject","149","296.000","298.000","scored","8760000","8940000","30000.000","1000.000","298.000","298.000","297.840863","297.840863","0.978000","0.979700","False","2.000","E2.0W3","1","REM","0.555773"
"realtime_demo_single_subject","150","298.000","300.000","scored","8820000","9000000","30000.000","1000.000","300.000","300.000","299.841988","299.841988","1.148200","1.149700","False","2.000","E2.0W3","2","Wake","0.609921"
"realtime_demo_single_subject","151","300.000","302.000","scored","8880000","9060000","30000.000","1000.000","302.000","302.000","301.840329","301.840329","1.199900","1.201600","False","2.000","E2.0W3","2","Wake","0.683418"
"realtime_demo_single_subject","152","302.000","304.000","scored","8940000","9120000","30000.000","1000.000","304.000","304.000","303.840240","303.840240","0.849600","0.851200","False","2.000","E2.0W3","2","Wake","0.890391"
"realtime_demo_single_subject","153","304.000","306.000","scored","9000000","9180000","30000.000","1000.000","306.000","306.000","305.841861","305.841861","1.014000","1.015700","False","2.000","E2.0W3","2","Wake","0.778100"
"realtime_demo_single_subject","154","306.000","308.000","scored","9060000","9240000","30000.000","1000.000","308.000","308.000","307.840192","307.840192","1.042300","1.043800","False","2.000","E2.0W3","2","Wake","0.781927"
"realtime_demo_single_subject","155","308.000","310.000","scored","9120000","9300000","30000.000","1000.000","310.000","310.000","309.839680","309.839680","0.679900","0.681300","False","2.000","E2.0W3","2","Wake","0.851159"
"realtime_demo_single_subject","156","310.000","312.000","scored","9180000","9360000","30000.000","1000.000","312.000","312.000","311.839582","311.839582","0.721100","0.722700","False","2.000","E2.0W3","2","Wake","0.765398"
"realtime_demo_single_subject","157","312.000","314.000","scored","9240000","9420000","30000.000","1000.000","314.000","314.000","313.839540","313.839540","0.732500","0.733800","False","2.000","E2.0W3","2","Wake","0.729452"
"realtime_demo_single_subject","158","314.000","316.000","scored","9300000","9480000","30000.000","1000.000","316.000","316.000","315.839845","315.839845","0.696500","0.698400","False","2.000","E2.0W3","2","Wake","0.928194"
"realtime_demo_single_subject","159","316.000","318.000","scored","9360000","9540000","30000.000","1000.000","318.000","318.000","317.841180","317.841180","0.851400","0.852700","False","2.000","E2.0W3","2","Wake","0.999500"
"realtime_demo_single_subject","160","318.000","320.000","scored","9420000","9600000","30000.000","1000.000","320.000","320.000","319.840290","319.840290","0.745500","0.747000","False","2.000","E2.0W3","2","Wake","0.966784"
"realtime_demo_single_subject","161","320.000","322.000","scored","9480000","9660000","30000.000","1000.000","322.000","322.000","321.839848","321.839848","0.866300","0.868400","False","2.000","E2.0W3","2","Wake","0.921285"
"realtime_demo_single_subject","162","322.000","324.000","scored","9540000","9720000","30000.000","1000.000","324.000","324.000","323.840574","323.840574","0.836100","0.837800","False","2.000","E2.0W3","2","Wake","0.927223"
"realtime_demo_single_subject","163","324.000","326.000","scored","9600000","9780000","30000.000","1000.000","326.000","326.000","325.840235","325.840235","1.044500","1.046100","False","2.000","E2.0W3","2","Wake","0.983197"
"realtime_demo_single_subject","164","326.000","328.000","scored","9660000","9840000","30000.000","1000.000","328.000","328.000","327.841908","327.841908","0.983200","0.984800","False","2.000","E2.0W3","2","Wake","0.991260"
"realtime_demo_single_subject","165","328.000","330.000","scored","9720000","9900000","30000.000","1000.000","330.000","330.000","329.839685","329.839685","0.701300","0.702600","False","2.000","E2.0W3","2","Wake","0.998502"
"realtime_demo_single_subject","166","330.000","332.000","scored","9780000","9960000","30000.000","1000.000","332.000","332.000","331.840189","331.840189","0.696700","0.698500","False","2.000","E2.0W3","2","Wake","0.998865"
"realtime_demo_single_subject","167","332.000","334.000","scored","9840000","10020000","30000.000","1000.000","334.000","334.000","333.839604","333.839604","0.692300","0.694000","False","2.000","E2.0W3","2","Wake","0.990237"
"realtime_demo_single_subject","168","334.000","336.000","scored","9900000","10080000","30000.000","1000.000","336.000","336.000","335.840400","335.840400","0.766200","0.768200","False","2.000","E2.0W3","2","Wake","0.961724"
"realtime_demo_single_subject","169","336.000","338.000","scored","9960000","10140000","30000.000","1000.000","338.000","338.000","337.839521","337.839521","0.666900","0.668500","False","2.000","E2.0W3","2","Wake","0.718415"
"realtime_demo_single_subject","170","338.000","340.000","scored","10020000","10200000","30000.000","1000.000","340.000","340.000","339.839683","339.839683","0.791400","0.792700","False","2.000","E2.0W3","2","Wake","0.711631"
"realtime_demo_single_subject","171","340.000","342.000","scored","10080000","10260000","30000.000","1000.000","342.000","342.000","341.841597","341.841597","0.861300","0.862700","False","2.000","E2.0W3","2","Wake","0.843024"
"realtime_demo_single_subject","172","342.000","344.000","scored","10140000","10320000","30000.000","1000.000","344.000","344.000","343.840793","343.840793","1.041700","1.043500","False","2.000","E2.0W3","2","Wake","0.788008"
"realtime_demo_single_subject","173","344.000","346.000","scored","10200000","10380000","30000.000","1000.000","346.000","346.000","345.840268","345.840268","0.685600","0.687100","False","2.000","E2.0W3","2","Wake","0.728196"
"realtime_demo_single_subject","174","346.000","348.000","scored","10260000","10440000","30000.000","1000.000","348.000","348.000","347.839881","347.839881","0.811600","0.813300","False","2.000","E2.0W3","2","Wake","0.683032"
"realtime_demo_single_subject","175","348.000","350.000","scored","10320000","10500000","30000.000","1000.000","350.000","350.000","349.839727","349.839727","0.699600","0.700900","False","2.000","E2.0W3","2","Wake","0.650999"
"realtime_demo_single_subject","176","350.000","352.000","scored","10380000","10560000","30000.000","1000.000","352.000","352.000","351.840553","351.840553","0.746100","0.748100","False","2.000","E2.0W3","2","Wake","0.601039"
"realtime_demo_single_subject","177","352.000","354.000","scored","10440000","10620000","30000.000","1000.000","354.000","354.000","353.840033","353.840033","1.002500","1.004200","False","2.000","E2.0W3","2","Wake","0.466910"
"realtime_demo_single_subject","178","354.000","356.000","scored","10500000","10680000","30000.000","1000.000","356.000","356.000","355.839557","355.839557","0.731800","0.733300","False","2.000","E2.0W3","2","Wake","0.507005"
"realtime_demo_single_subject","179","356.000","358.000","scored","10560000","10740000","30000.000","1000.000","358.000","358.000","357.840439","357.840439","0.730900","0.732100","False","2.000","E2.0W3","2","Wake","0.716772"
"realtime_demo_single_subject","180","358.000","360.000","scored","10620000","10800000","30000.000","1000.000","360.000","360.000","359.840831","359.840831","0.925300","0.927600","False","2.000","E2.0W3","2","Wake","0.901127"
"realtime_demo_single_subject","181","360.000","362.000","scored","10680000","10860000","30000.000","1000.000","362.000","362.000","361.839958","361.839958","0.845600","0.849300","False","2.000","E2.0W3","2","Wake","0.945498"
"realtime_demo_single_subject","182","362.000","364.000","scored","10740000","10920000","30000.000","1000.000","364.000","364.000","363.840144","363.840144","0.841400","0.842800","False","2.000","E2.0W3","2","Wake","0.966053"
"realtime_demo_single_subject","183","364.000","366.000","scored","10800000","10980000","30000.000","1000.000","366.000","366.000","365.839881","365.839881","0.789600","0.791400","False","2.000","E2.0W3","2","Wake","0.913907"
"realtime_demo_single_subject","184","366.000","368.000","scored","10860000","11040000","30000.000","1000.000","368.000","368.000","367.840533","367.840533","1.016000","1.018400","False","2.000","E2.0W3","2","Wake","0.955704"
"realtime_demo_single_subject","185","368.000","370.000","scored","10920000","11100000","30000.000","1000.000","370.000","370.000","369.841349","369.841349","1.243700","1.246200","False","2.000","E2.0W3","2","Wake","0.908699"
"realtime_demo_single_subject","186","370.000","372.000","scored","10980000","11160000","30000.000","1000.000","372.000","372.000","371.840336","371.840336","1.078200","1.080000","False","2.000","E2.0W3","2","Wake","0.848769"
"realtime_demo_single_subject","187","372.000","374.000","scored","11040000","11220000","30000.000","1000.000","374.000","374.000","373.840123","373.840123","1.005000","1.007300","False","2.000","E2.0W3","2","Wake","0.911993"
"realtime_demo_single_subject","188","374.000","376.000","scored","11100000","11280000","30000.000","1000.000","376.000","376.000","375.840816","375.840816","0.995500","0.997600","False","2.000","E2.0W3","2","Wake","0.851117"
"realtime_demo_single_subject","189","376.000","378.000","scored","11160000","11340000","30000.000","1000.000","378.000","378.000","377.840283","377.840283","1.174600","1.176200","False","2.000","E2.0W3","2","Wake","0.902567"
"realtime_demo_single_subject","190","378.000","380.000","scored","11220000","11400000","30000.000","1000.000","380.000","380.000","379.840339","379.840339","1.121000","1.123600","False","2.000","E2.0W3","2","Wake","0.893848"
"realtime_demo_single_subject","191","380.000","382.000","scored","11280000","11460000","30000.000","1000.000","382.000","382.000","381.842774","381.842774","1.402200","1.404200","False","2.000","E2.0W3","2","Wake","0.854535"
"realtime_demo_single_subject","192","382.000","384.000","scored","11340000","11520000","30000.000","1000.000","384.000","384.000","383.842203","383.842203","1.240100","1.242200","False","2.000","E2.0W3","2","Wake","0.871461"
"realtime_demo_single_subject","193","384.000","386.000","scored","11400000","11580000","30000.000","1000.000","386.000","386.000","385.840587","385.840587","1.252300","1.255300","False","2.000","E2.0W3","2","Wake","0.673962"
"realtime_demo_single_subject","194","386.000","388.000","scored","11460000","11640000","30000.000","1000.000","388.000","388.000","387.840947","387.840947","1.016100","1.018600","False","2.000","E2.0W3","2","Wake","0.695118"
"realtime_demo_single_subject","195","388.000","390.000","scored","11520000","11700000","30000.000","1000.000","390.000","390.000","389.840915","389.840915","1.258500","1.261000","False","2.000","E2.0W3","2","Wake","0.913458"
"realtime_demo_single_subject","196","390.000","392.000","scored","11580000","11760000","30000.000","1000.000","392.000","392.000","391.841707","391.841707","1.908600","1.910800","False","2.000","E2.0W3","2","Wake","0.880683"
"realtime_demo_single_subject","197","392.000","394.000","scored","11640000","11820000","30000.000","1000.000","394.000","394.000","393.840087","393.840087","1.001500","1.003800","False","2.000","E2.0W3","2","Wake","0.887120"
