"RecordingID","EpochIndex","EpochStartSeconds","EpochEndSeconds","PredLabel","Confidence","ConsecutiveQualifyingNREM","Triggered","Reason","TtlMode","PulseWidthMs","CooldownRemainingSeconds","EventTimeUTC","SimulatedTtlOnTimeSeconds"
"realtime_demo_single_subject","3","4.000","6.000","Wake","0.771999","0","False","insufficient_consecutive_nrem","dry-run","10.000","0.000","",""
"realtime_demo_single_subject","4","6.000","8.000","Wake","0.716413","0","False","insufficient_consecutive_nrem","dry-run","10.000","0.000","",""
"realtime_demo_single_subject","5","8.000","10.000","Wake","0.676402","0","False","insufficient_consecutive_nrem","dry-run","10.000","0.000","",""
"realtime_demo_single_subject","6","10.000","12.000","Wake","0.605676","0","False","insufficient_consecutive_nrem","dry-run","10.000","0.000","",""
"realtime_demo_single_subject","7","12.000","14.000","Wake","0.593600","0","False","insufficient_consecutive_nrem","dry-run","10.000","0.000","",""
"realtime_demo_single_subject","8","14.000","16.000","Wake","0.810677","0","False","insufficient_consecutive_nrem","dry-run","10.000","0.000","",""
"realtime_demo_single_subject","9","16.000","18.000","Wake","0.700164","0","False","insufficient_consecutive_nrem","dry-run","10.000","0.000","",""
"realtime_demo_single_subject","10","18.000","20.000","Wake","0.884171","0","False","insufficient_consecutive_nrem","dry-run","10.000","0.000","",""
"realtime_demo_single_subject","11","20.000","22.000","Wake","0.869340","0","False","insufficient_consecutive_nrem","dry-run","10.000","0.000","",""
"realtime_demo_single_subject","12","22.000","24.000","Wake","0.921823","0","False","insufficient_consecutive_nrem","dry-run","10.000","0.000","",""
"realtime_demo_single_subject","13","24.000","26.000","Wake","0.745444","0","False","insufficient_consecutive_nrem","dry-run","10.000","0.000","",""
"realtime_demo_single_subject","14","26.000","28.000","Wake","0.744336","0","False","insufficient_consecutive_nrem","dry-run","10.000","0.000","",""
"realtime_demo_single_subject","15","28.000","30.000","Wake","0.553378","0","False","insufficient_consecutive_nrem","dry-run","10.000","0.000","",""
"realtime_demo_single_subject","16","30.000","32.000","REM","0.449056","0","False","insufficient_consecutive_nrem","dry-run","10.000","0.000","",""
"realtime_demo_single_subject","17","32.000","34.000","Wake","0.466779","0","False","insufficient_consecutive_nrem","dry-run","10.000","0.000","",""
"realtime_demo_single_subject","18","34.000","36.000","Wake","0.724024","0","False","insufficient_consecutive_nrem","dry-run","10.000","0.000","",""
"realtime_demo_single_subject","19","36.000","38.000","Wake","0.771048","0","False","insufficient_consecutive_nrem","dry-run","10.000","0.000","",""
"realtime_demo_single_subject","20","38.000","40.000","Wake","0.869890","0","False","insufficient_consecutive_nrem","dry-run","10.000","0.000","",""
"realtime_demo_single_subject","21","40.000","42.000","Wake","0.773285","0","False","insufficient_consecutive_nrem","dry-run","10.000","0.000","",""
"realtime_demo_single_subject","22","42.000","44.000","Wake","0.758033","0","False","insufficient_consecutive_nrem","dry-run","10.000","0.000","",""
"realtime_demo_single_subject","23","44.000","46.000","Wake","0.561916","0","False","insufficient_consecutive_nrem","dry-run","10.000","0.000","",""
"realtime_demo_single_subject","24","46.000","48.000","Wake","0.433704","0","False","insufficient_consecutive_nrem","dry-run","10.000","0.000","",""
"realtime_demo_single_subject","25","48.000","50.000","Wake","0.670200","0","False","insufficient_consecutive_nrem","dry-run","10.000","0.000","",""
"realtime_demo_single_subject","26","50.000","52.000","Wake","0.596350","0","False","insufficient_consecutive_nrem","dry-run","10.000","0.000","",""
"realtime_demo_single_subject","27","52.000","54.000","Wake","0.661509","0","False","insufficient_consecutive_nrem","dry-run","10.000","0.000","",""
"realtime_demo_single_subject","28","54.000","56.000","Wake","0.710136","0","False","insufficient_consecutive_nrem","dry-run","10.000","0.000","",""
"realtime_demo_single_subject","29","56.000","58.000","Wake","0.634256","0","False","insufficient_consecutive_nrem","dry-run","10.000","0.000","",""
"realtime_demo_single_subject","30","58.000","60.000","Wake","0.679671","0","False","insufficient_consecutive_nrem","dry-run","10.000","0.000","",""
"realtime_demo_single_subject","31","60.000","62.000","Wake","0.630219","0","False","insufficient_consecutive_nrem","dry-run","10.000","0.000","",""
"realtime_demo_single_subject","32","62.000","64.000","Wake","0.742121","0","False","insufficient_consecutive_nrem","dry-run","10.000","0.000","",""
"realtime_demo_single_subject","33","64.000","66.000","Wake","0.601499","0","False","insufficient_consecutive_nrem","dry-run","10.000","0.000","",""
"realtime_demo_single_subject","34","66.000","68.000","Wake","0.718507","0","False","insufficient_consecutive_nrem","dry-run","10.000","0.000","",""
"realtime_demo_single_subject","35","68.000","70.000","Wake","0.498857","0","False","insufficient_consecutive_nrem","dry-run","10.000","0.000","",""
"realtime_demo_single_subject","36","70.000","72.000","Wake","0.748150","0","False","insufficient_consecutive_nrem","dry-run","10.000","0.000","",""
"realtime_demo_single_subject","37","72.000","74.000","Wake","0.781441","0","False","insufficient_consecutive_nrem","dry-run","10.000","0.000","",""
"realtime_demo_single_subject","38","74.000","76.000","Wake","0.847877","0","False","insufficient_consecutive_nrem","dry-run","10.000","0.000","",""
"realtime_demo_single_subject","39","76.000","78.000","Wake","0.587866","0","False","insufficient_consecutive_nrem","dry-run","10.000","0.000","",""
"realtime_demo_single_subject","40","78.000","80.000","REM","0.459691","0","False","insufficient_consecutive_nrem","dry-run","10.000","0.000","",""
"realtime_demo_single_subject","41","80.000","82.000","Wake","0.771734","0","False","insufficient_consecutive_nrem","dry-run","10.000","0.000","",""
"realtime_demo_single_subject","42","82.000","84.000","Wake","0.919791","0","False","insufficient_consecutive_nrem","dry-run","10.000","0.000","",""
"realtime_demo_single_subject","43","84.000","86.000","Wake","0.990173","0","False","insufficient_consecutive_nrem","dry-run","10.000","0.000","",""
"realtime_demo_single_subject","44","86.000","88.000","Wake","0.940277","0","False","insufficient_consecutive_nrem","dry-run","10.000","0.000","",""
"realtime_demo_single_subject","45","88.000","90.000","Wake","0.763048","0","False","insufficient_consecutive_nrem","dry-run","10.000","0.000","",""
"realtime_demo_single_subject","46","90.000","92.000","Wake","0.625898","0","False","insufficient_consecutive_nrem","dry-run","10.000","0.000","",""
"realtime_demo_single_subject","47","92.000","94.000","REM","0.429843","0","False","insufficient_consecutive_nrem","dry-run","10.000","0.000","",""
"realtime_demo_single_subject","48","94.000","96.000","Wake","0.705984","0","False","insufficient_consecutive_nrem","dry-run","10.000","0.000","",""
"realtime_demo_single_subject","49","96.000","98.000","Wake","0.946076","0","False","insufficient_consecutive_nrem","dry-run","10.000","0.000","",""
"realtime_demo_single_subject","50","98.000","100.000","Wake","0.995426","0","False","insufficient_consecutive_nrem","dry-run","10.000","0.000","",""
"realtime_demo_single_subject","51","100.000","102.000","Wake","0.996138","0","False","insufficient_consecutive_nrem","dry-run","10.000","0.000","",""
"realtime_demo_single_subject","52","102.000","104.000","Wake","0.993495","0","False","insufficient_consecutive_nrem","dry-run","10.000","0.000","",""
"realtime_demo_single_subject","53","104.000","106.000","Wake","0.985171","0","False","insufficient_consecutive_nrem","dry-run","10.000","0.000","",""
"realtime_demo_single_subject","54","106.000","108.000","Wake","0.931199","0","False","insufficient_consecutive_nrem","dry-run","10.000","0.000","",""
"realtime_demo_single_subject","55","108.000","110.000","Wake","0.984805","0","False","insufficient_consecutive_nrem","dry-run","10.000","0.000","",""
"realtime_demo_single_subject","56","110.000","112.000","Wake","0.701491","0","False","insufficient_consecutive_nrem","dry-run","10.000","0.000","",""
"realtime_demo_single_subject","57","112.000","114.000","Wake","0.621814","0","False","insufficient_consecutive_nrem","dry-run","10.000","0.000","",""
"realtime_demo_single_subject","58","114.000","116.000","REM","0.469064","0","False","insufficient_consecutive_nrem","dry-run","10.000","0.000","",""
"realtime_demo_single_subject","59","116.000","118.000","Wake","0.522061","0","False","insufficient_consecutive_nrem","dry-run","10.000","0.000","",""
"realtime_demo_single_subject","60","118.000","120.000","REM","0.495340","0","False","insufficient_consecutive_nrem","dry-run","10.000","0.000","",""
"realtime_demo_single_subject","61","120.000","122.000","REM","0.606116","0","False","insufficient_consecutive_nrem","dry-run","10.000","0.000","",""
"realtime_demo_single_subject","62","122.000","124.000","Wake","0.796588","0","False","insufficient_consecutive_nrem","dry-run","10.000","0.000","",""
"realtime_demo_single_subject","63","124.000","126.000","Wake","0.958373","0","False","insufficient_consecutive_nrem","dry-run","10.000","0.000","",""
"realtime_demo_single_subject","64","126.000","128.000","Wake","0.991171","0","False","insufficient_consecutive_nrem","dry-run","10.000","0.000","",""
"realtime_demo_single_subject","65","128.000","130.000","Wake","0.995456","0","False","insufficient_consecutive_nrem","dry-run","10.000","0.000","",""
"realtime_demo_single_subject","66","130.000","132.000","Wake","0.996459","0","False","insufficient_consecutive_nrem","dry-run","10.000","0.000","",""
"realtime_demo_single_subject","67","132.000","134.000","Wake","0.955580","0","False","insufficient_consecutive_nrem","dry-run","10.000","0.000","",""
"realtime_demo_single_subject","68","134.000","136.000","Wake","0.809902","0","False","insufficient_consecutive_nrem","dry-run","10.000","0.000","",""
"realtime_demo_single_subject","69","136.000","138.000","Wake","0.679057","0","False","insufficient_consecutive_nrem","dry-run","10.000","0.000","",""
"realtime_demo_single_subject","70","138.000","140.000","Wake","0.802205","0","False","insufficient_consecutive_nrem","dry-run","10.000","0.000","",""
"realtime_demo_single_subject","71","140.000","142.000","Wake","0.700743","0","False","insufficient_consecutive_nrem","dry-run","10.000","0.000","",""
"realtime_demo_single_subject","72","142.000","144.000","Wake","0.455992","0","False","insufficient_consecutive_nrem","dry-run","10.000","0.000","",""
"realtime_demo_single_subject","73","144.000","146.000","REM","0.545652","0","False","insufficient_consecutive_nrem","dry-run","10.000","0.000","",""
"realtime_demo_single_subject","74","146.000","148.000","Wake","0.453613","0","False","insufficient_consecutive_nrem","dry-run","10.000","0.000","",""
"realtime_demo_single_subject","75","148.000","150.000","Wake","0.525472","0","False","insufficient_consecutive_nrem","dry-run","10.000","0.000","",""
"realtime_demo_single_subject","76","150.000","152.000","Wake","0.810256","0","False","insufficient_consecutive_nrem","dry-run","10.000","0.000","",""
"realtime_demo_single_subject","77","152.000","154.000","Wake","0.905485","0","False","insufficient_consecutive_nrem","dry-run","10.000","0.000","",""
"realtime_demo_single_subject","78","154.000","156.000","Wake","0.916767","0","False","insufficient_consecutive_nrem","dry-run","10.000","0.000","",""
"realtime_demo_single_subject","79","156.000","158.000","Wake","0.966397","0","False","insufficient_consecutive_nrem","dry-run","10.000","0.000","",""
"realtime_demo_single_subject","80","158.000","160.000","Wake","0.992411","0","False","insufficient_consecutive_nrem","dry-run","10.000","0.000","",""
"realtime_demo_single_subject","81","160.000","162.000","Wake","0.996335","0","False","insufficient_consecutive_nrem","dry-run","10.000","0.000","",""
"realtime_demo_single_subject","82","162.000","164.000","Wake","0.977331","0","False","insufficient_consecutive_nrem","dry-run","10.000","0.000","",""
"realtime_demo_single_subject","83","164.000","166.000","Wake","0.973511","0","False","insufficient_consecutive_nrem","dry-run","10.000","0.000","",""
"realtime_demo_single_subject","84","166.000","168.000","Wake","0.922719","0","False","insufficient_consecutive_nrem","dry-run","10.000","0.000","",""
"realtime_demo_single_subject","85","168.000","170.000","Wake","0.916949","0","False","insufficient_consecutive_nrem","dry-run","10.000","0.000","",""
"realtime_demo_single_subject","86","170.000","172.000","Wake","0.853662","0","False","insufficient_consecutive_nrem","dry-run","10.000","0.000","",""
"realtime_demo_single_subject","87","172.000","174.000","Wake","0.992002","0","False","insufficient_consecutive_nrem","dry-run","10.000","0.000","",""
"realtime_demo_single_subject","88","174.000","176.000","Wake","0.986939","0","False","insufficient_consecutive_nrem","dry-run","10.000","0.000","",""
"realtime_demo_single_subject","89","176.000","178.000","Wake","0.989971","0","False","insufficient_consecutive_nrem","dry-run","10.000","0.000","",""
"realtime_demo_single_subject","90","178.000","180.000","Wake","0.984286","0","False","insufficient_consecutive_nrem","dry-run","10.000","0.000","",""
"realtime_demo_single_subject","91","180.000","182.000","Wake","0.987465","0","False","insufficient_consecutive_nrem","dry-run","10.000","0.000","",""
"realtime_demo_single_subject","92","182.000","184.000","Wake","0.986805","0","False","insufficient_consecutive_nrem","dry-run","10.000","0.000","",""
"realtime_demo_single_subject","93","184.000","186.000","Wake","0.995691","0","False","insufficient_consecutive_nrem","dry-run","10.000","0.000","",""
"realtime_demo_single_subject","94","186.000","188.000","Wake","0.987487","0","False","insufficient_consecutive_nrem","dry-run","10.000","0.000","",""
"realtime_demo_single_subject","95","188.000","190.000","Wake","0.941393","0","False","insufficient_consecutive_nrem","dry-run","10.000","0.000","",""
"realtime_demo_single_subject","96","190.000","192.000","Wake","0.782577","0","False","insufficient_consecutive_nrem","dry-run","10.000","0.000","",""
"realtime_demo_single_subject","97","192.000","194.000","Wake","0.821941","0","False","insufficient_consecutive_nrem","dry-run","10.000","0.000","",""
"realtime_demo_single_subject","98","194.000","196.000","Wake","0.838138","0","False","insufficient_consecutive_nrem","dry-run","10.000","0.000","",""
"realtime_demo_single_subject","99","196.000","198.000","Wake","0.698004","0","False","insufficient_consecutive_nrem","dry-run","10.000","0.000","",""
"realtime_demo_single_subject","100","198.000","200.000","Wake","0.553997","0","False","insufficient_consecutive_nrem","dry-run","10.000","0.000","",""
"realtime_demo_single_subject","101","200.000","202.000","Wake","0.603327","0","False","insufficient_consecutive_nrem","dry-run","10.000","0.000","",""
"realtime_demo_single_subject","102","202.000","204.000","Wake","0.660188","0","False","insufficient_consecutive_nrem","dry-run","10.000","0.000","",""
"realtime_demo_single_subject","103","204.000","206.000","Wake","0.821863","0","False","insufficient_consecutive_nrem","dry-run","10.000","0.000","",""
"realtime_demo_single_subject","104","206.000","208.000","Wake","0.710834","0","False","insufficient_consecutive_nrem","dry-run","10.000","0.000","",""
"realtime_demo_single_subject","105","208.000","210.000","Wake","0.499909","0","False","insufficient_consecutive_nrem","dry-run","10.000","0.000","",""
"realtime_demo_single_subject","106","210.000","212.000","Wake","0.674455","0","False","insufficient_consecutive_nrem","dry-run","10.000","0.000","",""
"realtime_demo_single_subject","107","212.000","214.000","Wake","0.672886","0","False","insufficient_consecutive_nrem","dry-run","10.000","0.000","",""
"realtime_demo_single_subject","108","214.000","216.000","Wake","0.593861","0","False","insufficient_consecutive_nrem","dry-run","10.000","0.000","",""
"realtime_demo_single_subject","109","216.000","218.000","Wake","0.602589","0","False","insufficient_consecutive_nrem","dry-run","10.000","0.000","",""
"realtime_demo_single_subject","110","218.000","220.000","Wake","0.610511","0","False","insufficient_consecutive_nrem","dry-run","10.000","0.000","",""
"realtime_demo_single_subject","111","220.000","222.000","REM","0.458833","0","False","insufficient_consecutive_nrem","dry-run","10.000","0.000","",""
"realtime_demo_single_subject","112","222.000","224.000","Wake","0.435543","0","False","insufficient_consecutive_nrem","dry-run","10.000","0.000","",""
"realtime_demo_single_subject","113","224.000","226.000","Wake","0.529148","0","False","insufficient_consecutive_nrem","dry-run","10.000","0.000","",""
"realtime_demo_single_subject","114","226.000","228.000","Wake","0.831660","0","False","insufficient_consecutive_nrem","dry-run","10.000","0.000","",""
"realtime_demo_single_subject","115","228.000","230.000","Wake","0.680665","0","False","insufficient_consecutive_nrem","dry-run","10.000","0.000","",""
"realtime_demo_single_subject","116","230.000","232.000","Wake","0.713330","0","False","insufficient_consecutive_nrem","dry-run","10.000","0.000","",""
"realtime_demo_single_subject","117","232.000","234.000","REM","0.481365","0","False","insufficient_consecutive_nrem","dry-run","10.000","0.000","",""
"realtime_demo_single_subject","118","234.000","236.000","REM","0.408165","0","False","insufficient_consecutive_nrem","dry-run","10.000","0.000","",""
"realtime_demo_single_subject","119","236.000","238.000","REM","0.592370","0","False","insufficient_consecutive_nrem","dry-run","10.000","0.000","",""
"realtime_demo_single_subject","120","238.000","240.000","Wake","0.687814","0","False","insufficient_consecutive_nrem","dry-run","10.000","0.000","",""
"realtime_demo_single_subject","121","240.000","242.000","Wake","0.660194","0","False","insufficient_consecutive_nrem","dry-run","10.000","0.000","",""
"realtime_demo_single_subject","122","242.000","244.000","Wake","0.734576","0","False","insufficient_consecutive_nrem","dry-run","10.000","0.000","",""
"realtime_demo_single_subject","123","244.000","246.000","Wake","0.658617","0","False","insufficient_consecutive_nrem","dry-run","10.000","0.000","",""
"realtime_demo_single_subject","124","246.000","248.000","Wake","0.751384","0","False","insufficient_consecutive_nrem","dry-run","10.000","0.000","",""
"realtime_demo_single_subject","125","248.000","250.000","Wake","0.662255","0","False","insufficient_consecutive_nrem","dry-run","10.000","0.000","",""
"realtime_demo_single_subject","126","250.000","252.000","Wake","0.762411","0","False","insufficient_consecutive_nrem","dry-run","10.000","0.000","",""
"realtime_demo_single_subject","127","252.000","254.000","Wake","0.681407","0","False","insufficient_consecutive_nrem","dry-run","10.000","0.000","",""
"realtime_demo_single_subject","128","254.000","256.000","Wake","0.693667","0","False","insufficient_consecutive_nrem","dry-run","10.000","0.000","",""
"realtime_demo_single_subject","129","256.000","258.000","Wake","0.694860","0","False","insufficient_consecutive_nrem","dry-run","10.000","0.000","",""
"realtime_demo_single_subject","130","258.000","260.000","Wake","0.705739","0","False","insufficient_consecutive_nrem","dry-run","10.000","0.000","",""
"realtime_demo_single_subject","131","260.000","262.000","REM","0.569976","0","False","insufficient_consecutive_nrem","dry-run","10.000","0.000","",""
"realtime_demo_single_subject","132","262.000","264.000","Wake","0.688744","0","False","insufficient_consecutive_nrem","dry-run","10.000","0.000","",""
"realtime_demo_single_subject","133","264.000","266.000","Wake","0.810083","0","False","insufficient_consecutive_nrem","dry-run","10.000","0.000","",""
"realtime_demo_single_subject","134","266.000","268.000","Wake","0.810930","0","False","insufficient_consecutive_nrem","dry-run","10.000","0.000","",""
"realtime_demo_single_subject","135","268.000","270.000","Wake","0.772542","0","False","insufficient_consecutive_nrem","dry-run","10.000","0.000","",""
"realtime_demo_single_subject","136","270.000","272.000","Wake","0.682813","0","False","insufficient_consecutive_nrem","dry-run","10.000","0.000","",""
"realtime_demo_single_subject","137","272.000","274.000","Wake","0.465190","0","False","insufficient_consecutive_nrem","dry-run","10.000","0.000","",""
"realtime_demo_single_subject","138","274.000","276.000","REM","0.487215","0","False","insufficient_consecutive_nrem","dry-run","10.000","0.000","",""
"realtime_demo_single_subject","139","276.000","278.000","Wake","0.546772","0","False","insufficient_consecutive_nrem","dry-run","10.000","0.000","",""
"realtime_demo_single_subject","140","278.000","280.000","Wake","0.880548","0","False","insufficient_consecutive_nrem","dry-run","10.000","0.000","",""
"realtime_demo_single_subject","141","280.000","282.000","Wake","0.931633","0","False","insufficient_consecutive_nrem","dry-run","10.000","0.000","",""
"realtime_demo_single_subject","142","282.000","284.000","Wake","0.944239","0","False","insufficient_consecutive_nrem","dry-run","10.000","0.000","",""
"realtime_demo_single_subject","143","284.000","286.000","Wake","0.755792","0","False","insufficient_consecutive_nrem","dry-run","10.000","0.000","",""
"realtime_demo_single_subject","144","286.000","288.000","Wake","0.727461","0","False","insufficient_consecutive_nrem","dry-run","10.000","0.000","",""
"realtime_demo_single_subject","145","288.000","290.000","Wake","0.603046","0","False","insufficient_consecutive_nrem","dry-run","10.000","0.000","",""
"realtime_demo_single_subject","146","290.000","292.000","Wake","0.765204","0","False","insufficient_consecutive_nrem","dry-run","10.000","0.000","",""
"realtime_demo_single_subject","147","292.000","294.000","Wake","0.650764","0","False","insufficient_consecutive_nrem","dry-run","10.000","0.000","",""
"realtime_demo_single_subject","148","294.000","296.000","REM","0.492349","0","False","insufficient_consecutive_nrem","dry-run","10.000","0.000","",""
"realtime_demo_single_subject","149","296.000","298.000","REM","0.555773","0","False","insufficient_consecutive_nrem","dry-run","10.000","0.000","",""
"realtime_demo_single_subject","150","298.000","300.000","Wake","0.609921","0","False","insufficient_consecutive_nrem","dry-run","10.000","0.000","",""
"realtime_demo_single_subject","151","300.000","302.000","Wake","0.683418","0","False","insufficient_consecutive_nrem","dry-run","10.000","0.000","",""
"realtime_demo_single_subject","152","302.000","304.000","Wake","0.890391","0","False","insufficient_consecutive_nrem","dry-run","10.000","0.000","",""
"realtime_demo_single_subject","153","304.000","306.000","Wake","0.778100","0","False","insufficient_consecutive_nrem","dry-run","10.000","0.000","",""
"realtime_demo_single_subject","154","306.000","308.000","Wake","0.781927","0","False","insufficient_consecutive_nrem","dry-run","10.000","0.000","",""
"realtime_demo_single_subject","155","308.000","310.000","Wake","0.851159","0","False","insufficient_consecutive_nrem","dry-run","10.000","0.000","",""
"realtime_demo_single_subject","156","310.000","312.000","Wake","0.765398","0","False","insufficient_consecutive_nrem","dry-run","10.000","0.000","",""
"realtime_demo_single_subject","157","312.000","314.000","Wake","0.729452","0","False","insufficient_consecutive_nrem","dry-run","10.000","0.000","",""
"realtime_demo_single_subject","158","314.000","316.000","Wake","0.928194","0","False","insufficient_consecutive_nrem","dry-run","10.000","0.000","",""
"realtime_demo_single_subject","159","316.000","318.000","Wake","0.999500","0","False","insufficient_consecutive_nrem","dry-run","10.000","0.000","",""
"realtime_demo_single_subject","160","318.000","320.000","Wake","0.966784","0","False","insufficient_consecutive_nrem","dry-run","10.000","0.000","",""
"realtime_demo_single_subject","161","320.000","322.000","Wake","0.921285","0","False","insufficient_consecutive_nrem","dry-run","10.000","0.000","",""
"realtime_demo_single_subject","162","322.000","324.000","Wake","0.927223","0","False","insufficient_consecutive_nrem","dry-run","10.000","0.000","",""
"realtime_demo_single_subject","163","324.000","326.000","Wake","0.983197","0","False","insufficient_consecutive_nrem","dry-run","10.000","0.000","",""
"realtime_demo_single_subject","164","326.000","328.000","Wake","0.991260","0","False","insufficient_consecutive_nrem","dry-run","10.000","0.000","",""
"realtime_demo_single_subject","165","328.000","330.000","Wake","0.998502","0","False","insufficient_consecutive_nrem","dry-run","10.000","0.000","",""
"realtime_demo_single_subject","166","330.000","332.000","Wake","0.998865","0","False","insufficient_consecutive_nrem","dry-run","10.000","0.000","",""
"realtime_demo_single_subject","167","332.000","334.000","Wake","0.990237","0","False","insufficient_consecutive_nrem","dry-run","10.000","0.000","",""
"realtime_demo_single_subject","168","334.000","336.000","Wake","0.961724","0","False","insufficient_consecutive_nrem","dry-run","10.000","0.000","",""
"realtime_demo_single_subject","169","336.000","338.000","Wake","0.718415","0","False","insufficient_consecutive_nrem","dry-run","10.000","0.000","",""
"realtime_demo_single_subject","170","338.000","340.000","Wake","0.711631","0","False","insufficient_consecutive_nrem","dry-run","10.000","0.000","",""
"realtime_demo_single_subject","171","340.000","342.000","Wake","0.843024","0","False","insufficient_consecutive_nrem","dry-run","10.000","0.000","",""
"realtime_demo_single_subject","172","342.000","344.000","Wake","0.788008","0","False","insufficient_consecutive_nrem","dry-run","10.000","0.000","",""
"realtime_demo_single_subject","173","344.000","346.000","Wake","0.728196","0","False","insufficient_consecutive_nrem","dry-run","10.000","0.000","",""
"realtime_demo_single_subject","174","346.000","348.000","Wake","0.683032","0","False","insufficient_consecutive_nrem","dry-run","10.000","0.000","",""
"realtime_demo_single_subject","175","348.000","350.000","Wake","0.650999","0","False","insufficient_consecutive_nrem","dry-run","10.000","0.000","",""
"realtime_demo_single_subject","176","350.000","352.000","Wake","0.601039","0","False","insufficient_consecutive_nrem","dry-run","10.000","0.000","",""
"realtime_demo_single_subject","177","352.000","354.000","Wake","0.466910","0","False","insufficient_consecutive_nrem","dry-run","10.000","0.000","",""
"realtime_demo_single_subject","178","354.000","356.000","Wake","0.507005","0","False","insufficient_consecutive_nrem","dry-run","10.000","0.000","",""
"realtime_demo_single_subject","179","356.000","358.000","Wake","0.716772","0","False","insufficient_consecutive_nrem","dry-run","10.000","0.000","",""
"realtime_demo_single_subject","180","358.000","360.000","Wake","0.901127","0","False","insufficient_consecutive_nrem","dry-run","10.000","0.000","",""
"realtime_demo_single_subject","181","360.000","362.000","Wake","0.945498","0","False","insufficient_consecutive_nrem","dry-run","10.000","0.000","",""
"realtime_demo_single_subject","182","362.000","364.000","Wake","0.966053","0","False","insufficient_consecutive_nrem","dry-run","10.000","0.000","",""
"realtime_demo_single_subject","183","364.000","366.000","Wake","0.913907","0","False","insufficient_consecutive_nrem","dry-run","10.000","0.000","",""
"realtime_demo_single_subject","184","366.000","368.000","Wake","0.955704","0","False","insufficient_consecutive_nrem","dry-run","10.000","0.000","",""
"realtime_demo_single_subject","185","368.000","370.000","Wake","0.908699","0","False","insufficient_consecutive_nrem","dry-run","10.000","0.000","",""
"realtime_demo_single_subject","186","370.000","372.000","Wake","0.848769","0","False","insufficient_consecutive_nrem","dry-run","10.000","0.000","",""
"realtime_demo_single_subject","187","372.000","374.000","Wake","0.911993","0","False","insufficient_consecutive_nrem","dry-run","10.000","0.000","",""
"realtime_demo_single_subject","188","374.000","376.000","Wake","0.851117","0","False","insufficient_consecutive_nrem","dry-run","10.000","0.000","",""
"realtime_demo_single_subject","189","376.000","378.000","Wake","0.902567","0","False","insufficient_consecutive_nrem","dry-run","10.000","0.000","",""
"realtime_demo_single_subject","190","378.000","380.000","Wake","0.893848","0","False","insufficient_consecutive_nrem","dry-run","10.000","0.000","",""
"realtime_demo_single_subject","191","380.000","382.000","Wake","0.854535","0","False","insufficient_consecutive_nrem","dry-run","10.000","0.000","",""
"realtime_demo_single_subject","192","382.000","384.000","Wake","0.871461","0","False","insufficient_consecutive_nrem","dry-run","10.000","0.000","",""
"realtime_demo_single_subject","193","384.000","386.000","Wake","0.673962","0","False","insufficient_consecutive_nrem","dry-run","10.000","0.000","",""
"realtime_demo_single_subject","194","386.000","388.000","Wake","0.695118","0","False","insufficient_consecutive_nrem","dry-run","10.000","0.000","",""
"realtime_demo_single_subject","195","388.000","390.000","Wake","0.913458","0","False","insufficient_consecutive_nrem","dry-run","10.000","0.000","",""
"realtime_demo_single_subject","196","390.000","392.000","Wake","0.880683","0","False","insufficient_consecutive_nrem","dry-run","10.000","0.000","",""
"realtime_demo_single_subject","197","392.000","394.000","Wake","0.887120","0","False","insufficient_consecutive_nrem","dry-run","10.000","0.000","",""
